# ID	Score
NC_000005.10:g.43702652T>G	0.992
NC_000008.11:g.24394146T>C	0.003
NC_000014.9:g.35007370A>G	0.997
NC_000023.11:g.48523912G>T	0.995
NC_000007.14:g.92086295A>G	0.944
NC_000005.10:g.131159578A>G	0.881
NC_000017.11:g.38335201G>A	0.039
NC_000010.11:g.97601884C>A	0.997
NC_000002.12:g.176119206T>C	0.993
NC_000023.11:g.106037037C>A	0.012
NC_000002.12:g.31529385G>T	0.519
NC_000009.12:g.135778780T>G	0.996
NC_000002.12:g.55683831C>T	1.0
NC_000023.11:g.150598600G>A	0.52
NC_000015.10:g.40611486A>G	0.0
NC_000002.12:g.99361611A>T	0.996
NC_000021.9:g.46353263C>T	0.037
NC_000023.11:g.139561992C>A	1.0
NC_000002.12:g.20003167A>T	0.998
NC_000003.12:g.181712650T>C	0.986
NC_000019.10:g.7120739C>T	0.996
NC_000011.10:g.36574635C>T	0.979
NC_000001.11:g.167127158C>T	0.0
NC_000002.12:g.165991510A>C	1.0
NC_000009.12:g.119167448G>A	0.028
NC_000016.10:g.75530369G>A	0.0
NC_000003.12:g.31533134G>A	0.495
NC_000023.11:g.139537369T>G	1.0
NC_000016.10:g.177340C>T	0.114
NC_000016.10:g.10180176G>C	1.0
NC_000005.10:g.137628408C>T	0.774
NC_000018.10:g.31154802A>G	0.341
NC_000007.14:g.76434087C>G	0.997
NC_000003.12:g.126105876C>A	1.0
NC_000012.12:g.10435931C>G	0.971
NC_000018.10:g.47156193A>G	0.827
NC_000009.12:g.127673212G>A	1.0
NC_000012.12:g.80356879G>A	0.001
NC_000013.11:g.32362596A>T	0.877
NC_000017.11:g.8003108T>C	0.0
NC_000017.11:g.41728295A>G	0.933
NC_000002.12:g.86028667T>C	0.001
NC_000006.12:g.150389354G>A	0.09
NC_000009.12:g.128584312C>T	0.953
NC_000008.11:g.142912850A>G	0.005
NC_000016.10:g.68296727T>C	0.981
NC_000014.9:g.23424112T>C	0.375
NC_000007.14:g.140801533A>G	0.477
NC_000020.11:g.63442474C>A	0.981
NC_000015.10:g.48463219T>C	0.986
NC_000010.11:g.93500226C>T	0.996
NC_000004.12:g.5752852C>T	0.561
NC_000002.12:g.189001407G>T	1.0
NC_000002.12:g.218809755G>A	1.0
NC_000006.12:g.87589956A>C	0.451
NC_000001.11:g.7732460G>A	0.965
NC_000012.12:g.109792702A>G	0.997
NC_000013.11:g.30968931G>T	0.955
NC_000008.11:g.99832387A>G	0.041
NC_000003.12:g.184245559C>T	1.0
NC_000023.11:g.154776193C>G	0.982
NC_000007.14:g.33021317T>A	1.0
NC_000023.11:g.154032282G>A	1.0
NC_000011.10:g.101958193G>A	0.015
NC_000004.12:g.128871718A>G	0.0
NC_000003.12:g.11026305G>A	0.998
NC_000010.11:g.103458295C>T	0.001
NC_000012.12:g.105142460A>T	0.0
NC_000002.12:g.31526225G>A	0.991
NC_000014.9:g.50302994C>T	1.0
NC_000023.11:g.108597507G>A	1.0
NC_000008.11:g.24917642C>A	0.084
NC_000016.10:g.31484885G>A	0.999
NC_000004.12:g.108863327C>T	1.0
NC_000014.9:g.74259621G>C	1.0
NC_000011.10:g.68914934A>G	0.014
NC_000006.12:g.135429886G>A	1.0
NC_000011.10:g.5226592A>T	0.888
NC_000009.12:g.133436862C>G	0.0
NC_000007.14:g.140801531A>C	0.477
NC_000013.11:g.20142955C>G	0.108
NC_000023.11:g.38401364T>C	0.991
NC_000001.11:g.224424520A>C	0.992
NC_000011.10:g.5226716G>C	0.959
NC_000011.10:g.102606646G>T	0.0
NC_000017.11:g.7673778T>C	1.0
NC_000006.12:g.1610822T>G	0.999
NC_000004.12:g.80202243T>C	0.985
NC_000012.12:g.7689991C>G	0.61
NC_000011.10:g.134185380C>T	0.0
NC_000003.12:g.114350291T>C	0.987
NC_000005.10:g.53072695A>G	0.038
NC_000016.10:g.56511214C>A	1.0
NC_000008.11:g.38414872A>C	1.0
NC_000002.12:g.113246775C>T	1.0
NC_000017.11:g.50191463C>T	1.0
NC_000010.11:g.69103942C>T	0.072
NC_000002.12:g.201723437C>T	0.953
NC_000006.12:g.47574204C>T	0.895
NC_000014.9:g.23425814G>C	0.938
NC_000023.11:g.80684155T>C	0.001
NC_000002.12:g.169510430G>A	0.839
NC_000019.10:g.7120677C>T	1.0
NC_000012.12:g.7088865C>T	1.0
NC_000003.12:g.184359130A>T	0.939
NC_000014.9:g.70946994A>C	0.98
NC_000006.12:g.152151987C>T	1.0
NC_000001.11:g.94021339C>T	0.99
NC_000009.12:g.104822520T>C	0.831
NC_000006.12:g.52059981C>T	0.997
NC_000019.10:g.919515C>T	0.999
NC_000009.12:g.136434050C>T	0.658
NC_000014.9:g.23375770C>T	1.0
NC_000013.11:g.32316462T>G	0.994
NC_000013.11:g.113075100C>T	0.954
NC_000001.11:g.46405089C>A	0.027
NC_000022.11:g.20934128G>A	0.001
NC_000011.10:g.5227019C>T	0.991
NC_000005.10:g.71522323C>G	0.116
NC_000012.12:g.8851792G>A	0.998
NC_000023.11:g.153725867G>A	0.915
NC_000020.11:g.35437412T>C	0.999
NC_000001.11:g.161629903T>C	0.001
NC_000007.14:g.103833594G>C	0.084
NC_000023.11:g.154030863G>A	0.205
NC_000020.11:g.22581969G>T	0.007
NC_000011.10:g.88335052A>C	1.0
NC_000017.11:g.50198178C>T	0.999
NC_000005.10:g.3600629C>A	0.0
NC_000022.11:g.50529292C>A	0.998
NC_000009.12:g.133068741A>G	0.149
NC_000015.10:g.65375352C>T	0.018
NC_000019.10:g.42410516G>A	1.0
NC_000004.12:g.125490951C>G	0.992
NC_000009.12:g.135955409G>A	0.09
NC_000023.11:g.53248814G>A	0.994
NC_000002.12:g.27232076G>A	0.999
NC_000018.10:g.27985623T>C	1.0
NC_000004.12:g.158706353T>C	0.992
NC_000019.10:g.43769027C>T	0.837
NC_000019.10:g.7527954C>A	0.003
NC_000017.11:g.1509784T>C	0.69
NC_000002.12:g.127639339A>G	1.0
NC_000007.14:g.48410657C>T	0.003
NC_000023.11:g.137567448T>A	0.999
NC_000023.11:g.67711653C>T	0.999
NC_000019.10:g.41982028C>A	1.0
NC_000009.12:g.130470873T>C	0.999
NC_000001.11:g.34761477C>T	1.0
NC_000016.10:g.88428416G>A	0.818
NC_000020.11:g.62337628G>A	0.061
NC_000020.11:g.58996763G>C	0.005
NC_000019.10:g.12767435C>G	0.005
NC_000011.10:g.20045282G>A	0.165
NC_000009.12:g.77794572T>C	0.999
NC_000001.11:g.11794807C>T	1.0
NC_000011.10:g.68406550G>A	0.993
NC_000010.11:g.79946568A>G	0.0
NC_000001.11:g.204159399C>T	0.56
NC_000011.10:g.2778030A>G	1.0
NC_000003.12:g.179401278C>T	0.055
NC_000003.12:g.48579241C>T	1.0
NC_000021.9:g.34670695G>C	0.518
NC_000019.10:g.3589512C>T	0.999
NC_000003.12:g.179210192T>C	0.983
NC_000002.12:g.100990829G>A	0.036
NC_000011.10:g.5234342C>G	0.985
NC_000016.10:g.2092573A>G	0.999
NC_000019.10:g.36877633G>C	0.474
NC_000020.11:g.21232820C>T	1.0
NC_000001.11:g.23875421C>T	0.089
NC_000011.10:g.5225659T>G	0.987
NC_000017.11:g.63941939C>T	0.998
NC_000009.12:g.127461201T>C	0.0
NC_000003.12:g.10142104C>G	1.0
NC_000010.11:g.5096522G>A	0.127
NC_000016.10:g.89195063G>A	0.636
NC_000023.11:g.154931337G>A	0.795
NC_000019.10:g.41985090A>T	1.0
NC_000002.12:g.19937861T>C	0.808
NC_000001.11:g.156876496G>C	1.0
NC_000003.12:g.52488281G>A	0.743
NC_000016.10:g.2111314G>A	0.892
NC_000009.12:g.127819937C>T	0.999
NC_000012.12:g.121627018C>T	0.999
NC_000004.12:g.626011G>A	1.0
NC_000009.12:g.136676978G>A	0.86
NC_000001.11:g.236897072A>G	0.02
NC_000002.12:g.202464979G>A	1.0
NC_000007.14:g.158138311C>T	0.0
NC_000006.12:g.35509255A>G	0.0
NC_000019.10:g.41975629C>T	1.0
NC_000005.10:g.33989413C>T	0.0
NC_000023.11:g.108575911G>T	1.0
NC_000013.11:g.101292058C>T	0.971
NC_000006.12:g.160718392T>G	1.0
NC_000007.14:g.5332683C>A	0.929
NC_000001.11:g.245685889C>T	0.0
NC_000017.11:g.4536410G>A	0.028
NC_000010.11:g.125767581G>A	0.417
NC_000001.11:g.68446837C>T	1.0
NC_000003.12:g.46902542A>C	1.0
NC_000007.14:g.138709747G>A	0.123
NC_000001.11:g.229431994C>A	1.0
NC_000020.11:g.62881068C>T	0.0
NC_000006.12:g.45431915G>A	1.0
NC_000015.10:g.84031356C>T	0.0
NC_000006.12:g.131726105G>A	0.005
NC_000017.11:g.39670063G>A	0.039
NC_000006.12:g.159036984G>T	0.007
NC_000014.9:g.24259950T>G	0.922
NC_000007.14:g.151235545G>A	1.0
NC_000001.11:g.114860747C>T	0.979
NC_000019.10:g.14161564T>A	0.03
NC_000017.11:g.7675089G>C	1.0
NC_000015.10:g.94470358C>G	0.999
NC_000012.12:g.122858159C>T	0.462
NC_000017.11:g.7848173C>T	0.534
NC_000023.11:g.43949977G>C	0.996
NC_000012.12:g.102866632C>T	1.0
NC_000001.11:g.12249306G>C	0.79
NC_000002.12:g.188990316G>C	0.9
NC_000001.11:g.154571682G>C	0.992
NC_000002.12:g.166278156A>C	1.0
NC_000007.14:g.107702030C>A	1.0
NC_000019.10:g.45357295A>G	1.0
NC_000001.11:g.228175383A>C	0.425
NC_000013.11:g.52024566A>C	0.992
NC_000023.11:g.17692382C>G	0.007
NC_000012.12:g.120446808T>G	0.966
NC_000002.12:g.28783934A>T	0.19
NC_000006.12:g.3104279G>C	0.987
NC_000020.11:g.59301634C>G	1.0
NC_000020.11:g.40688643A>C	0.935
NC_000001.11:g.92483381C>T	0.021
NC_000011.10:g.73395462C>T	0.824
NC_000003.12:g.122700009T>A	0.067
NC_000001.11:g.113898727T>C	0.584
NC_000006.12:g.36291501C>A	1.0
NC_000006.12:g.43519778C>T	0.999
NC_000023.11:g.8731961C>G	0.349
NC_000007.14:g.129205670G>A	0.006
NC_000012.12:g.47987175C>T	0.999
NC_000010.11:g.29550781G>A	0.802
NC_000015.10:g.48430715C>T	1.0
NC_000011.10:g.93699692A>C	0.0
NC_000010.11:g.27170314C>A	0.994
NC_000015.10:g.74196047C>G	0.003
NC_000021.9:g.43066320C>T	0.94
NC_000003.12:g.11259094G>C	0.116
NC_000019.10:g.11237536C>T	0.97
NC_000014.9:g.55142700G>A	0.031
NC_000001.11:g.23797718G>A	0.834
NC_000023.11:g.71224012A>G	0.732
NC_000001.11:g.117075222A>G	0.0
NC_000002.12:g.189004046G>T	0.999
NC_000023.11:g.74743396C>G	0.009
NC_000023.11:g.74740322C>T	0.003
NC_000003.12:g.46521635G>A	0.003
NC_000007.14:g.76441894G>T	0.0
NC_000020.11:g.62880840G>C	0.0
NC_000003.12:g.97768199C>G	0.99
NC_000003.12:g.69951870G>C	1.0
NC_000004.12:g.169507750C>T	0.127
NC_000019.10:g.48302837C>T	0.09
NC_000016.10:g.2496899T>C	0.792
NC_000017.11:g.5559485C>T	0.039
NC_000002.12:g.189008933G>C	1.0
NC_000011.10:g.18287917G>A	0.966
NC_000019.10:g.44907843C>T	0.685
NC_000012.12:g.123758010A>G	0.0
NC_000011.10:g.2572053G>A	0.982
NC_000001.11:g.150509669G>A	0.993
NC_000015.10:g.63121917G>A	0.131
NC_000002.12:g.74047617T>C	0.0
NC_000011.10:g.66003284G>A	0.542
NC_000007.14:g.6387229G>A	0.992
NC_000007.14:g.55861993C>T	0.494
NC_000009.12:g.110136428G>A	0.934
NC_000001.11:g.85267691C>T	0.003
NC_000017.11:g.82807650G>A	0.999
NC_000002.12:g.47512412A>G	0.0
NC_000002.12:g.63433768C>T	0.073
NC_000008.11:g.93780747G>T	0.983
NC_000021.9:g.46215262T>C	0.0
NC_000001.11:g.4712475G>A	0.999
NC_000004.12:g.186194538C>T	0.142
NC_000017.11:g.7676152C>T	0.03
NC_000003.12:g.184930527G>A	0.94
NC_000023.11:g.77633682A>G	0.999
NC_000011.10:g.65868522G>A	0.997
NC_000021.9:g.31659782G>A	0.96
NC_000001.11:g.162790832G>C	0.065
NC_000020.11:g.23826456G>A	0.12
NC_000014.9:g.77555325G>A	0.622
NC_000001.11:g.214647227G>A	0.0
NC_000001.11:g.21839470T>C	0.003
NC_000010.11:g.114289138C>T	0.94
NC_000002.12:g.46907878C>A	1.0
NC_000007.14:g.121339025T>C	0.761
NC_000023.11:g.70352640C>T	0.003
NC_000002.12:g.39023118A>G	0.887
NC_000012.12:g.64193904C>G	0.007
NC_000003.12:g.58136063G>A	1.0
NC_000017.11:g.50201511C>T	0.922
NC_000023.11:g.17728274G>A	0.653
NC_000002.12:g.237360150C>T	1.0
NC_000007.14:g.117535363T>A	0.976
NC_000009.12:g.132331293G>A	0.998
NC_000023.11:g.74529232T>C	0.942
NC_000018.10:g.22181504A>G	0.999
NC_000003.12:g.177051722C>T	0.99
NC_000020.11:g.41422079C>T	0.074
NC_000001.11:g.222943130G>A	0.017
NC_000013.11:g.20189386C>G	1.0
NC_000021.9:g.18341466C>T	0.0
NC_000021.9:g.42375852G>A	1.0
NC_000023.11:g.136648280G>A	0.876
NC_000017.11:g.64350416T>C	0.0
NC_000012.12:g.71696504T>A	0.682
NC_000020.11:g.4699870A>G	0.895
NC_000012.12:g.47974758C>T	0.003
NC_000006.12:g.42965262G>A	1.0
NC_000001.11:g.22647604G>A	0.027
NC_000015.10:g.41736499C>G	0.927
NC_000009.12:g.70225775T>C	0.009
NC_000004.12:g.106194735A>C	0.867
NC_000011.10:g.89227933G>A	0.997
NC_000023.11:g.108571414G>T	1.0
NC_000019.10:g.7678983C>T	0.718
NC_000003.12:g.10142110G>C	0.997
NC_000002.12:g.218890257A>G	0.904
NC_000002.12:g.173366304C>T	0.945
NC_000006.12:g.3104279G>A	0.614
NC_000005.10:g.150056130A>G	0.44
NC_000016.10:g.89145312G>A	0.996
NC_000010.11:g.88947371T>C	0.165
NC_000012.12:g.55957218G>A	0.031
NC_000016.10:g.68346248A>G	0.999
NC_000014.9:g.74781398A>T	0.005
NC_000003.12:g.48432676T>C	0.003
NC_000014.9:g.53046803C>T	0.535
NC_000004.12:g.667922T>A	1.0
NC_000010.11:g.133369924C>T	0.992
NC_000012.12:g.4370713G>A	1.0
NC_000001.11:g.186038865G>T	0.486
NC_000001.11:g.68448653A>G	0.091
NC_000017.11:g.42787375G>A	0.959
NC_000019.10:g.1221977G>T	1.0
NC_000023.11:g.38367344C>T	0.997
NC_000023.11:g.50086556C>T	0.901
NC_000004.12:g.54267639G>A	0.0
NC_000022.11:g.31906252C>T	0.0
NC_000019.10:g.12897833A>G	0.137
NC_000012.12:g.21239042A>C	0.005
NC_000023.11:g.154969459G>A	1.0
NC_000005.10:g.177332169C>T	0.019
NC_000011.10:g.64810109T>G	0.891
NC_000008.11:g.132175461A>G	1.0
NC_000003.12:g.193454207T>C	0.003
NC_000015.10:g.27989601C>T	0.994
NC_000002.12:g.44942853T>C	0.991
NC_000004.12:g.23813087C>T	0.0
NC_000010.11:g.43114500T>G	0.999
NC_000006.12:g.79060680G>T	0.987
NC_000012.12:g.52241562G>A	0.896
NC_000007.14:g.117587833G>A	0.999
NC_000023.11:g.43958577G>C	0.162
NC_000005.10:g.35708993C>T	0.98
NC_000001.11:g.42943239T>A	0.997
NC_000009.12:g.132329485T>G	0.0
NC_000008.11:g.144513304G>A	0.169
NC_000023.11:g.47627296G>A	0.041
NC_000007.14:g.122076556C>T	0.003
NC_000023.11:g.132078459G>C	0.0
NC_000002.12:g.74363045T>G	0.0
NC_000001.11:g.209796501G>A	0.999
NC_000002.12:g.148489425A>T	0.0
NC_000011.10:g.88294163T>C	0.999
NC_000017.11:g.40480702G>A	0.0
NC_000023.11:g.38269709C>T	0.0
NC_000017.11:g.42793641G>A	0.994
NC_000014.9:g.24259720C>T	0.994
NC_000016.10:g.53873846C>T	0.999
NC_000023.11:g.139537048C>T	0.999
NC_000021.9:g.44437106A>G	0.119
NC_000015.10:g.71899958C>T	0.564
NC_000004.12:g.68537870G>A	0.861
NC_000008.11:g.99853608G>A	0.001
NC_000015.10:g.40471851G>C	1.0
NC_000017.11:g.3897828T>C	0.001
NC_000017.11:g.41817156G>A	0.999
NC_000003.12:g.129529074G>T	1.0
NC_000009.12:g.13183465C>T	0.0
NC_000016.10:g.50711058G>A	0.997
NC_000009.12:g.32493769T>G	0.991
NC_000005.10:g.180619749C>T	1.0
NC_000018.10:g.2667010A>T	0.996
NC_000020.11:g.3082980C>T	0.105
NC_000016.10:g.57903884T>C	0.003
NC_000016.10:g.70127360T>C	0.0
NC_000001.11:g.155040566C>T	0.839
NC_000017.11:g.8142829C>T	0.0
NC_000003.12:g.87262098A>G	1.0
NC_000023.11:g.151954917C>G	0.138
NC_000009.12:g.92715372T>C	0.977
NC_000008.11:g.102218917T>C	1.0
NC_000019.10:g.44107501G>T	0.031
NC_000017.11:g.80220312A>G	0.028
NC_000019.10:g.52765737C>G	0.993
NC_000001.11:g.40819926G>A	1.0
NC_000001.11:g.16138117G>T	0.263
NC_000002.12:g.29213992G>C	0.999
NC_000015.10:g.48488403C>A	1.0
NC_000007.14:g.150627888T>C	0.066
NC_000002.12:g.165992053C>T	1.0
NC_000015.10:g.48644607C>A	0.996
NC_000001.11:g.11795161A>G	0.999
NC_000002.12:g.202532613A>C	0.975
NC_000001.11:g.206902976T>G	0.996
NC_000017.11:g.63481590C>T	0.984
NC_000014.9:g.67724556T>A	1.0
NC_000004.12:g.154744334A>G	0.007
NC_000011.10:g.17387595C>T	1.0
NC_000003.12:g.101372081C>A	0.465
NC_000007.14:g.148811696C>T	0.996
NC_000012.12:g.6869174G>C	1.0
NC_000004.12:g.148436758C>G	0.079
NC_000008.11:g.38414875C>G	0.999
NC_000019.10:g.18082250G>A	0.998
NC_000022.11:g.44093970C>G	0.992
NC_000014.9:g.24261776G>C	0.922
NC_000019.10:g.56032678C>T	0.285
NC_000019.10:g.38164749G>A	0.0
NC_000016.10:g.3589962G>A	0.609
NC_000010.11:g.26709708T>G	0.886
NC_000017.11:g.78133538C>T	0.609
NC_000016.10:g.56351397A>G	1.0
NC_000005.10:g.33988340A>C	0.017
NC_000001.11:g.110061550T>C	0.996
NC_000001.11:g.149923943A>G	0.0
NC_000003.12:g.49129027C>T	0.0
NC_000023.11:g.70426402C>T	0.144
NC_000008.11:g.38421889T>A	0.999
NC_000017.11:g.1498094C>T	1.0
NC_000017.11:g.78507511T>C	0.0
NC_000017.11:g.50196651C>T	0.999
NC_000003.12:g.37050523G>A	1.0
NC_000007.14:g.117531106T>G	1.0
NC_000011.10:g.61958194C>T	1.0
NC_000011.10:g.64809976T>C	1.0
NC_000012.12:g.71577986C>G	0.999
NC_000010.11:g.5213040G>A	0.078
NC_000009.12:g.127663314G>A	0.999
NC_000001.11:g.228378686G>A	0.021
NC_000001.11:g.75137116C>T	0.001
NC_000001.11:g.156130658G>T	0.991
NC_000011.10:g.26598397A>T	0.999
NC_000001.11:g.237778727G>A	1.0
NC_000010.11:g.98443214C>G	0.943
NC_000002.12:g.96265379C>A	0.001
NC_000011.10:g.121187849A>G	0.999
NC_000002.12:g.165344627G>A	1.0
NC_000005.10:g.110761662G>T	0.88
NC_000009.12:g.104819706G>C	0.999
NC_000021.9:g.36413066C>T	0.0
NC_000002.12:g.219505556G>A	0.216
NC_000012.12:g.101737877T>C	0.001
NC_000016.10:g.24790317A>G	0.0
NC_000002.12:g.104856877A>G	0.991
NC_000004.12:g.10077754G>A	0.037
NC_000001.11:g.966543C>A	0.952
NC_000014.9:g.75690266C>T	0.326
NC_000007.14:g.92456449C>T	0.548
NC_000001.11:g.176771044G>T	0.411
NC_000019.10:g.7267833A>G	0.936
NC_000002.12:g.162282494T>G	0.584
NC_000022.11:g.41149953A>G	0.0
NC_000006.12:g.43519737T>C	0.686
NC_000013.11:g.40808575A>T	0.0
NC_000001.11:g.109630697G>C	0.998
NC_000019.10:g.12885926A>G	0.0
NC_000003.12:g.183650358T>C	0.774
NC_000006.12:g.50836231T>G	0.973
NC_000017.11:g.58280442C>T	0.159
NC_000004.12:g.75564135C>T	0.999
NC_000022.11:g.50626920C>T	0.865
NC_000012.12:g.88532473T>C	0.0
NC_000005.10:g.150135834T>A	0.013
NC_000017.11:g.31327718C>A	0.996
NC_000001.11:g.162776341C>T	0.997
NC_000006.12:g.121160964G>A	0.67
NC_000002.12:g.218882357C>T	1.0
NC_000018.10:g.49902673C>A	0.993
NC_000001.11:g.29200574G>A	0.987
NC_000014.9:g.103563042C>G	0.055
NC_000006.12:g.151808264T>C	0.999
NC_000023.11:g.53411822C>T	0.859
NC_000002.12:g.38071060G>C	0.0
NC_000023.11:g.74740737G>A	0.059
NC_000002.12:g.98396398C>T	0.992
NC_000002.12:g.188993434G>A	1.0
NC_000006.12:g.117362700T>A	0.526
NC_000009.12:g.744585C>G	0.999
NC_000007.14:g.94426505G>A	1.0
NC_000006.12:g.84764040C>T	0.007
NC_000014.9:g.81092563T>A	0.989
NC_000011.10:g.102606664A>G	0.0
NC_000017.11:g.42610535A>G	0.987
NC_000007.14:g.150974803G>A	0.972
NC_000019.10:g.18167260A>G	0.991
NC_000002.12:g.206145009T>C	1.0
NC_000017.11:g.63477099G>T	0.117
NC_000006.12:g.151615576C>A	0.442
NC_000019.10:g.7170561T>C	0.022
NC_000005.10:g.171891532C>G	1.0
NC_000019.10:g.13963151C>T	0.798
NC_000017.11:g.21703384G>C	0.997
NC_000014.9:g.23427723C>G	0.994
NC_000020.11:g.64049234A>T	0.974
NC_000011.10:g.112086910G>A	0.997
NC_000009.12:g.37436700G>A	1.0
NC_000022.11:g.50524353C>G	0.0
NC_000004.12:g.110621225G>A	1.0
NC_000012.12:g.45852892C>T	0.3
NC_000003.12:g.10048008T>C	0.977
NC_000015.10:g.42690957G>A	0.132
NC_000017.11:g.10451410T>G	0.649
NC_000002.12:g.73452829C>T	0.774
NC_000012.12:g.125652514C>T	0.001
NC_000020.11:g.49249387T>C	0.043
NC_000020.11:g.64049207C>G	0.984
NC_000013.11:g.51937495G>A	1.0
NC_000003.12:g.8767572G>C	0.085
NC_000023.11:g.38381360G>A	1.0
NC_000006.12:g.31949523G>A	0.255
NC_000002.12:g.214958415G>C	0.962
NC_000019.10:g.10793829G>A	0.991
NC_000007.14:g.103303908G>A	1.0
NC_000017.11:g.41624230G>A	0.949
NC_000002.12:g.188988091G>A	1.0
NC_000007.14:g.36411062C>T	0.624
NC_000007.14:g.148828812C>G	0.603
NC_000021.9:g.45504470G>C	0.957
NC_000022.11:g.21634817G>A	0.006
NC_000005.10:g.122077526G>A	0.276
NC_000018.10:g.23539875C>T	0.286
NC_000003.12:g.184321878A>G	0.0
NC_000007.14:g.108573088G>A	0.0
NC_000007.14:g.150974719C>T	0.555
NC_000017.11:g.44913333C>G	1.0
NC_000009.12:g.114403926G>T	0.13
NC_000016.10:g.70938692T>C	0.998
NC_000010.11:g.69382555C>T	1.0
NC_000014.9:g.94378506T>G	0.007
NC_000006.12:g.10626447G>A	1.0
NC_000002.12:g.97724319C>T	0.0
NC_000017.11:g.43106487A>T	1.0
NC_000020.11:g.46725461G>T	1.0
NC_000016.10:g.23380725C>T	1.0
NC_000006.12:g.1610837C>G	1.0
NC_000019.10:g.3115009G>A	0.996
NC_000012.12:g.8222516G>T	0.0
NC_000020.11:g.6107618G>A	1.0
NC_000013.11:g.32379467G>A	0.133
NC_000010.11:g.16937594G>A	0.118
NC_000004.12:g.15936367T>A	0.94
NC_000009.12:g.104598728C>G	0.139
NC_000020.11:g.2403685A>G	0.003
NC_000001.11:g.214646003C>T	0.005
NC_000001.11:g.11243144G>A	0.005
NC_000016.10:g.3590784C>T	0.026
NC_000011.10:g.117363489G>A	0.306
NC_000020.11:g.763900A>C	0.996
NC_000005.10:g.150129831C>T	0.0
NC_000007.14:g.94409403G>C	1.0
NC_000013.11:g.32340645C>T	0.406
NC_000001.11:g.3426071C>T	0.733
NC_000003.12:g.122284316T>C	0.999
NC_000003.12:g.38909154A>G	0.096
NC_000005.10:g.16701687A>G	0.006
NC_000017.11:g.70175283C>T	1.0
NC_000007.14:g.47929356C>T	0.0
NC_000002.12:g.222297158G>C	0.984
NC_000019.10:g.35746735T>G	0.609
NC_000013.11:g.108209471C>T	0.075
NC_000002.12:g.189008134G>A	1.0
NC_000023.11:g.71223989C>A	0.999
NC_000001.11:g.215675336C>T	0.034
NC_000016.10:g.1495588T>C	0.015
NC_000021.9:g.44894992A>T	0.0
NC_000003.12:g.69119477C>T	0.98
NC_000017.11:g.14301571T>A	0.237
NC_000005.10:g.37048502G>A	1.0
NC_000005.10:g.66054059A>G	0.05
NC_000017.11:g.42787491G>C	0.992
NC_000023.11:g.154030456G>A	0.858
NC_000009.12:g.69035785G>T	0.997
NC_000015.10:g.71811590C>T	1.0
NC_000002.12:g.188997745G>A	0.99
NC_000013.11:g.52011297G>T	0.634
NC_000006.12:g.55874504T>C	0.0
NC_000023.11:g.154413249G>A	0.999
NC_000006.12:g.151585974G>A	0.963
NC_000012.12:g.6044322C>A	0.999
NC_000001.11:g.11970750G>C	0.998
NC_000001.11:g.235494789T>C	0.987
NC_000023.11:g.150658011G>A	0.996
NC_000011.10:g.47343146C>G	0.06
NC_000007.14:g.56019720A>G	0.984
NC_000009.12:g.2081902G>C	0.999
NC_000003.12:g.69119211G>A	0.953
NC_000009.12:g.115041016C>T	0.699
NC_000020.11:g.63413526C>T	1.0
NC_000017.11:g.43063883T>G	1.0
NC_000016.10:g.89935589C>T	0.999
NC_000007.14:g.21543346A>T	0.707
NC_000010.11:g.4991861T>G	0.884
NC_000012.12:g.101595087A>T	0.939
NC_000016.10:g.16154898C>A	1.0
NC_000023.11:g.154902167C>A	1.0
NC_000016.10:g.3879915A>T	0.986
NC_000022.11:g.19724240G>C	0.007
NC_000023.11:g.134498431C>T	0.807
NC_000011.10:g.17396980C>T	1.0
NC_000001.11:g.11847114C>T	0.992
NC_000012.12:g.47983410C>T	0.998
NC_000022.11:g.50465794G>A	0.006
NC_000007.14:g.24699183A>T	0.989
NC_000016.10:g.2056753G>A	0.999
NC_000011.10:g.61398269G>C	0.007
NC_000014.9:g.64027683T>A	0.795
NC_000017.11:g.68600509A>T	0.003
NC_000017.11:g.80107837T>C	0.997
NC_000001.11:g.115732968T>C	0.051
NC_000023.11:g.137567449G>C	0.999
NC_000012.12:g.71700847C>G	0.596
NC_000003.12:g.191369951A>T	0.997
NC_000019.10:g.7647478A>G	0.0
NC_000003.12:g.122718689C>T	0.066
NC_000002.12:g.26727958A>G	0.995
NC_000002.12:g.166002670G>C	1.0
NC_000014.9:g.67724568C>T	1.0
NC_000016.10:g.30756191G>A	1.0
NC_000012.12:g.109792704T>C	1.0
NC_000023.11:g.38403681C>T	0.979
NC_000011.10:g.27368475C>T	1.0
NC_000006.12:g.111591806C>T	0.063
NC_000004.12:g.168179310T>C	0.007
NC_000012.12:g.114355776C>T	0.44
NC_000010.11:g.13651960T>A	0.102
NC_000002.12:g.140356355G>T	0.169
NC_000001.11:g.161307386T>A	0.06
NC_000019.10:g.40611394G>A	0.923
NC_000023.11:g.18945131T>C	0.996
NC_000005.10:g.33453311G>A	0.264
NC_000002.12:g.208350930C>T	0.011
NC_000011.10:g.129910599A>T	0.001
NC_000003.12:g.130563467G>A	0.003
NC_000001.11:g.12001411A>G	0.842
NC_000019.10:g.4099227G>A	0.183
NC_000009.12:g.4118540C>G	0.999
NC_000005.10:g.41149429G>A	0.925
NC_000014.9:g.90288593C>T	0.005
NC_000019.10:g.57859398G>A	1.0
NC_000022.11:g.50744827A>G	0.015
NC_000004.12:g.56469676G>A	0.025
NC_000002.12:g.165998130A>G	1.0
NC_000005.10:g.90625152C>A	0.995
NC_000023.11:g.31478233C>T	0.0
NC_000002.12:g.39022779A>G	0.999
NC_000018.10:g.51065518G>C	1.0
NC_000009.12:g.133448718T>G	0.999
NC_000011.10:g.47342733C>A	0.986
NC_000012.12:g.52488425G>A	0.994
NC_000006.12:g.49619338A>C	0.981
NC_000011.10:g.67611948A>C	1.0
NC_000003.12:g.141577065G>T	0.38
NC_000005.10:g.112834986G>A	0.497
NC_000018.10:g.2740707A>G	0.219
NC_000012.12:g.26065230G>A	0.009
NC_000001.11:g.34761461C>G	0.996
NC_000021.9:g.31659783C>T	0.974
NC_000023.11:g.80688070T>C	0.0
NC_000023.11:g.3310612G>C	0.0
NC_000001.11:g.155238214A>C	0.114
NC_000019.10:g.41122109G>C	0.017
NC_000009.12:g.77276090T>C	0.075
NC_000001.11:g.21834811G>A	0.999
NC_000011.10:g.76544410T>G	0.793
NC_000003.12:g.9013774T>C	0.045
NC_000004.12:g.87846214A>C	0.01
NC_000015.10:g.49860278A>T	0.015
NC_000011.10:g.6437622G>A	0.84
NC_000018.10:g.43273924C>T	0.155
NC_000013.11:g.24793154A>G	0.0
NC_000019.10:g.15537909C>G	0.021
NC_000012.12:g.40305791C>G	0.929
NC_000012.12:g.121854779C>T	0.052
NC_000017.11:g.44879635T>C	0.994
NC_000012.12:g.52321269A>C	0.001
NC_000014.9:g.102033136G>A	0.956
NC_000001.11:g.236038229C>T	0.628
NC_000001.11:g.117018494T>G	0.054
NC_000016.10:g.88643420A>G	0.0
NC_000011.10:g.117397296C>A	0.312
NC_000001.11:g.114713908T>C	0.251
NC_000001.11:g.11796219A>T	0.997
NC_000005.10:g.171876352G>T	1.0
NC_000014.9:g.91887253A>G	0.998
NC_000005.10:g.38493680G>A	0.267
NC_000004.12:g.9920504C>T	0.862
NC_000014.9:g.22836827G>A	0.012
NC_000007.14:g.140753346G>C	0.971
NC_000019.10:g.39488079C>T	1.0
NC_000002.12:g.43794627T>C	0.146
NC_000007.14:g.123134504T>C	1.0
NC_000023.11:g.111401157T>C	0.981
NC_000001.11:g.17022649G>T	1.0
NC_000009.12:g.69221188G>A	0.049
NC_000015.10:g.25375650C>T	0.005
NC_000007.14:g.140777032A>T	1.0
NC_000008.11:g.38424655T>G	0.998
NC_000009.12:g.35685529G>A	1.0
NC_000003.12:g.49100296C>A	0.99
NC_000017.11:g.2300062C>G	0.273
NC_000010.11:g.12097966G>A	0.0
NC_000016.10:g.16175934C>A	0.012
NC_000003.12:g.12584539G>A	0.999
NC_000005.10:g.55956082T>A	1.0
NC_000017.11:g.2373413G>A	0.007
NC_000014.9:g.23424935G>A	0.999
NC_000001.11:g.11022437A>G	0.954
NC_000007.14:g.47885922C>T	0.011
NC_000003.12:g.183650359G>A	0.584
NC_000005.10:g.151851418C>T	0.998
NC_000019.10:g.10793833G>A	0.988
NC_000015.10:g.27871233A>G	0.0
NC_000023.11:g.30308492C>G	1.0
NC_000015.10:g.48427756A>G	0.982
NC_000008.11:g.11548108G>C	0.925
NC_000017.11:g.80217194T>C	0.996
NC_000015.10:g.72375857A>C	0.999
NC_000001.11:g.119422277C>T	0.999
NC_000011.10:g.68784923C>T	0.603
NC_000004.12:g.109869732G>A	1.0
NC_000016.10:g.50711057C>G	0.999
NC_000015.10:g.48229278G>T	1.0
NC_000009.12:g.77358419G>C	0.945
NC_000007.14:g.40133169T>C	0.969
NC_000023.11:g.77589929C>T	0.993
NC_000023.11:g.150598600G>T	0.992
NC_000023.11:g.149490395T>C	0.003
NC_000006.12:g.51632705C>A	0.814
NC_000011.10:g.59855881C>T	0.102
NC_000013.11:g.28018504T>G	0.997
NC_000015.10:g.48470744C>T	0.996
NC_000001.11:g.169851914A>C	0.003
NC_000019.10:g.7267659C>G	0.482
NC_000003.12:g.44838351C>T	0.0
NC_000019.10:g.15192289C>A	0.999
NC_000020.11:g.3912634G>A	0.997
NC_000003.12:g.93898524T>C	0.987
NC_000013.11:g.32394717C>A	0.997
NC_000001.11:g.52384560T>C	0.99
NC_000006.12:g.34858835C>T	0.005
NC_000016.10:g.1200389A>G	0.0
NC_000004.12:g.1807260T>C	0.037
NC_000016.10:g.20349117T>G	0.708
NC_000002.12:g.176094671C>A	0.999
NC_000007.14:g.117590355C>A	1.0
NC_000006.12:g.49459089G>T	0.997
NC_000001.11:g.1242601C>T	0.026
NC_000019.10:g.41986202C>T	0.999
NC_000019.10:g.16997242C>T	1.0
NC_000023.11:g.154462248G>A	0.999
NC_000014.9:g.64129819A>G	0.999
NC_000013.11:g.72783620A>G	0.714
NC_000023.11:g.150671512G>A	0.003
NC_000012.12:g.6818860G>A	0.997
NC_000010.11:g.104132169G>C	0.03
NC_000001.11:g.171636349C>A	1.0
NC_000019.10:g.7615304G>A	0.003
NC_000004.12:g.47406706C>T	0.997
NC_000006.12:g.44300612C>T	0.995
NC_000003.12:g.10142040T>C	0.976
NC_000015.10:g.48467997C>T	0.972
NC_000011.10:g.1248605G>A	0.0
NC_000010.11:g.26567352C>T	0.0
NC_000015.10:g.65026876G>A	0.999
NC_000016.10:g.16202044T>G	0.781
NC_000002.12:g.166048889G>A	1.0
NC_000019.10:g.38455328G>A	0.959
NC_000010.11:g.26157383G>A	0.0
NC_000016.10:g.16154982C>T	0.975
NC_000023.11:g.108694874T>C	1.0
NC_000009.12:g.83944985T>C	0.04
NC_000015.10:g.55230423A>C	0.996
NC_000017.11:g.78124711T>C	1.0
NC_000016.10:g.11553546G>C	0.994
NC_000017.11:g.3655247G>A	0.003
NC_000007.14:g.87509444T>G	0.958
NC_000023.11:g.155022464T>A	0.998
NC_000008.11:g.10609650G>A	0.371
NC_000012.12:g.7202673T>C	0.0
NC_000012.12:g.40323255A>G	0.049
NC_000010.11:g.13109270G>A	0.999
NC_000014.9:g.91988289C>T	0.0
NC_000005.10:g.176881983G>C	0.109
NC_000016.10:g.20341296C>A	0.997
NC_000002.12:g.166047725G>A	1.0
NC_000017.11:g.44383630C>T	1.0
NC_000017.11:g.35557548A>G	0.003
NC_000004.12:g.38798661T>C	0.99
NC_000005.10:g.13717326C>T	0.6
NC_000005.10:g.80654962A>G	0.0
NC_000002.12:g.201761519C>T	0.156
NC_000011.10:g.5226635A>G	0.993
NC_000023.11:g.38317418C>G	1.0
NC_000016.10:g.67940400A>T	0.673
NC_000021.9:g.44901728C>T	1.0
NC_000011.10:g.44265005G>A	0.791
NC_000016.10:g.86567696C>T	1.0
NC_000015.10:g.48446748A>G	0.996
NC_000003.12:g.111567528G>C	0.0
NC_000003.12:g.8745647T>G	0.908
NC_000008.11:g.22417825T>G	1.0
NC_000019.10:g.48297076G>A	0.007
NC_000012.12:g.52651803C>T	0.955
NC_000007.14:g.93105841G>A	0.12
NC_000016.10:g.31484914C>A	0.992
NC_000020.11:g.46013767G>C	0.0
NC_000005.10:g.90802875A>G	0.95
NC_000012.12:g.52811817C>T	0.514
NC_000014.9:g.24259087C>T	0.989
NC_000005.10:g.83105046T>C	1.0
NC_000005.10:g.59193507A>C	0.999
NC_000015.10:g.48467994C>T	0.998
NC_000001.11:g.201363348C>A	0.962
NC_000019.10:g.8979289G>A	0.887
NC_000002.12:g.19931318T>C	0.156
NC_000003.12:g.129062205G>A	0.043
NC_000023.11:g.154380980C>A	0.96
NC_000016.10:g.30964260A>G	0.815
NC_000015.10:g.71851302A>T	0.992
NC_000006.12:g.160048478C>G	0.832
NC_000023.11:g.41343288G>A	1.0
NC_000006.12:g.81752068C>T	0.0
NC_000019.10:g.15180758C>A	1.0
NC_000017.11:g.50196509C>T	0.999
NC_000023.11:g.154904518C>T	0.989
NC_000023.11:g.154773244C>T	0.999
NC_000023.11:g.154400814G>A	0.0
NC_000015.10:g.72355591A>C	1.0
NC_000004.12:g.3485595G>A	0.999
NC_000001.11:g.42929918G>A	0.993
NC_000009.12:g.121326518G>T	0.99
NC_000003.12:g.52408056T>C	0.989
NC_000005.10:g.7897078C>T	0.003
NC_000009.12:g.98199487C>T	0.005
NC_000023.11:g.38401428G>C	0.995
NC_000009.12:g.34648353T>C	0.956
NC_000014.9:g.75002993G>T	0.961
NC_000023.11:g.153905901C>A	0.999
NC_000019.10:g.44909236A>C	0.007
NC_000017.11:g.78125237G>A	0.989
NC_000017.11:g.7847585T>C	0.0
NC_000023.11:g.37803886C>T	0.941
NC_000006.12:g.158128206C>T	0.003
NC_000023.11:g.68838820C>T	0.997
NC_000004.12:g.148259978C>T	1.0
NC_000018.10:g.57554937C>T	0.996
NC_000001.11:g.25617963C>G	0.003
NC_000019.10:g.622304G>A	0.028
NC_000007.14:g.259870C>T	1.0
NC_000004.12:g.119519123A>G	0.973
NC_000019.10:g.15550690G>C	0.999
NC_000002.12:g.218809754G>A	1.0
NC_000009.12:g.35740049G>T	0.001
NC_000006.12:g.24520416G>A	0.966
NC_000009.12:g.114168448C>T	0.0
NC_000005.10:g.141956699G>T	0.0
NC_000002.12:g.201209484A>G	0.677
NC_000017.11:g.28981485C>T	0.003
NC_000019.10:g.17200417G>A	0.007
NC_000023.11:g.49228048C>T	1.0
NC_000016.10:g.30979891G>A	0.011
NC_000002.12:g.206305316G>A	0.013
NC_000016.10:g.173550G>A	0.73
NC_000001.11:g.110198158C>G	1.0
NC_000008.11:g.17953081G>A	0.003
NC_000011.10:g.17594057C>T	0.028
NC_000013.11:g.48456265G>A	0.005
NC_000018.10:g.31595244G>C	0.999
NC_000003.12:g.74301523G>A	0.107
NC_000012.12:g.115975314C>T	0.943
NC_000005.10:g.38924432C>A	0.003
NC_000004.12:g.70688745C>T	0.14
NC_000002.12:g.190995193T>G	0.964
NC_000023.11:g.108620426G>C	1.0
NC_000019.10:g.40705171G>T	0.0
NC_000002.12:g.72133081C>A	0.999
NC_000015.10:g.88838815T>C	0.998
NC_000008.11:g.144095991G>T	1.0
NC_000003.12:g.30672252G>T	1.0
NC_000015.10:g.65077557C>A	1.0
NC_000023.11:g.154464420G>A	0.003
NC_000023.11:g.71111538A>G	0.085
NC_000019.10:g.49596482C>G	0.001
NC_000017.11:g.18146101T>G	1.0
NC_000005.10:g.41803148C>T	0.992
NC_000003.12:g.10064848C>T	0.003
NC_000017.11:g.3197847C>A	0.076
NC_000005.10:g.143300556A>T	0.999
NC_000013.11:g.35196267A>C	0.995
NC_000001.11:g.156163009T>G	0.997
NC_000016.10:g.1587996C>T	0.001
NC_000021.9:g.44525765G>C	0.014
NC_000010.11:g.73773680A>G	0.065
NC_000004.12:g.95148783G>T	0.975
NC_000003.12:g.63912809T>G	0.001
NC_000009.12:g.98807834G>A	0.0
NC_000011.10:g.1254776G>A	0.086
NC_000012.12:g.2799114A>C	0.001
NC_000019.10:g.6826619G>A	0.001
NC_000004.12:g.54727425T>A	1.0
NC_000007.14:g.33015741C>G	0.996
NC_000014.9:g.70010946G>A	0.977
NC_000011.10:g.68775362G>A	0.426
NC_000011.10:g.117993348A>G	0.052
NC_000002.12:g.219421359A>C	0.99
NC_000019.10:g.50798430C>T	0.007
NC_000023.11:g.50086357G>C	0.998
NC_000020.11:g.45952515C>T	0.972
NC_000016.10:g.16185001G>A	0.273
NC_000023.11:g.38367392C>T	0.972
NC_000015.10:g.63121944C>T	0.973
NC_000008.11:g.42430193G>A	0.0
NC_000010.11:g.44984913G>C	0.018
NC_000016.10:g.17141299G>A	1.0
NC_000019.10:g.54997357C>G	0.997
NC_000012.12:g.112450407A>C	0.963
NC_000002.12:g.240775889C>G	1.0
NC_000002.12:g.218814408C>T	1.0
NC_000002.12:g.188988636G>T	1.0
NC_000003.12:g.113330342A>T	0.001
NC_000006.12:g.75089136A>G	0.0
NC_000017.11:g.50189867C>A	1.0
NC_000018.10:g.27985701T>G	0.97
NC_000020.11:g.33289964C>T	1.0
NC_000001.11:g.225921590G>A	0.999
NC_000018.10:g.45954858T>C	0.001
NC_000007.14:g.1438333T>G	0.288
NC_000015.10:g.41834758C>G	0.221
NC_000002.12:g.237334707C>T	0.003
NC_000008.11:g.76983440A>G	1.0
NC_000015.10:g.39713530T>A	0.005
NC_000001.11:g.10463569A>G	0.185
NC_000002.12:g.219060170C>T	0.998
NC_000002.12:g.151617397C>G	0.102
NC_000021.9:g.14965938A>G	0.003
NC_000002.12:g.15167232C>T	0.005
NC_000013.11:g.113118454C>T	0.957
NC_000009.12:g.120974867C>T	0.0
NC_000023.11:g.139560748T>C	0.999
NC_000006.12:g.144522072A>C	0.265
NC_000023.11:g.48479059A>T	0.949
NC_000001.11:g.152911310C>G	0.078
NC_000001.11:g.152910335G>A	0.308
NC_000019.10:g.853022G>A	0.599
NC_000017.11:g.56594774G>A	0.989
NC_000009.12:g.133442718T>C	1.0
NC_000016.10:g.16190315A>T	0.998
NC_000008.11:g.142875730G>T	0.98
NC_000001.11:g.209732479G>T	1.0
NC_000011.10:g.6632336G>T	0.161
NC_000002.12:g.135126596A>G	0.0
NC_000017.11:g.76009079C>A	0.596
NC_000005.10:g.35694352A>G	0.01
NC_000007.14:g.21658973C>T	0.746
NC_000002.12:g.166002732C>A	0.0
NC_000006.12:g.41771904G>A	0.0
NC_000015.10:g.84817040A>G	0.0
NC_000002.12:g.218889990G>A	0.998
NC_000017.11:g.3655288A>T	0.972
NC_000009.12:g.108889340A>T	0.0
NC_000001.11:g.197142801T>C	0.0
NC_000017.11:g.80113350C>T	1.0
NC_000001.11:g.8360419G>A	0.0
NC_000005.10:g.137639874C>A	1.0
NC_000007.14:g.93886846G>A	0.635
NC_000005.10:g.55220382C>T	0.993
NC_000003.12:g.37050524G>A	1.0
NC_000009.12:g.17340841T>A	0.625
NC_000007.14:g.5529168A>G	0.999
NC_000011.10:g.66020601C>T	0.02
NC_000017.11:g.43063882C>T	0.999
NC_000023.11:g.47206011A>G	0.013
NC_000009.12:g.21239448G>A	0.971
NC_000012.12:g.102852926G>A	1.0
NC_000023.11:g.72684499G>A	1.0
NC_000011.10:g.6616363C>T	1.0
NC_000014.9:g.23415669A>G	1.0
NC_000003.12:g.108162535T>C	0.255
NC_000002.12:g.166046948A>T	0.999
NC_000019.10:g.48591631C>T	0.997
NC_000023.11:g.132082382C>G	1.0
NC_000018.10:g.31354718A>T	0.979
NC_000001.11:g.204432264G>C	0.887
NC_000019.10:g.855988G>A	0.996
NC_000003.12:g.129440351G>C	1.0
NC_000003.12:g.129528786G>A	1.0
NC_000001.11:g.247424492C>T	0.994
NC_000001.11:g.9245334C>T	0.01
NC_000012.12:g.52646920C>T	0.996
NC_000010.11:g.133370685C>T	0.996
NC_000002.12:g.188997736G>C	0.964
NC_000005.10:g.13900212G>T	0.001
NC_000019.10:g.15122724G>A	0.028
NC_000023.11:g.49689423T>C	0.795
NC_000023.11:g.130412739G>A	0.0
NC_000006.12:g.42704546G>A	0.508
NC_000017.11:g.18119542C>G	0.14
NC_000002.12:g.15945847G>A	0.993
NC_000017.11:g.37739506T>C	0.998
NC_000002.12:g.112028394C>T	0.999
NC_000011.10:g.5226617A>G	1.0
NC_000019.10:g.44907894A>G	0.001
NC_000009.12:g.136433073C>A	0.033
NC_000015.10:g.76292436C>T	1.0
NC_000011.10:g.20654773G>A	0.348
NC_000014.9:g.76439369A>G	0.997
NC_000003.12:g.185193395T>C	0.0
NC_000001.11:g.155055974C>A	1.0
NC_000013.11:g.51937561G>A	1.0
NC_000011.10:g.299400G>T	0.092
NC_000023.11:g.108696354T>G	1.0
NC_000022.11:g.29489423C>T	0.034
NC_000010.11:g.43113629C>G	0.999
NC_000002.12:g.206146919G>A	0.999
NC_000002.12:g.240878718T>C	1.0
NC_000001.11:g.169552693A>G	0.997
NC_000002.12:g.202467609A>G	0.999
NC_000012.12:g.52488365C>G	0.999
NC_000018.10:g.2688722A>G	0.996
NC_000020.11:g.58669351G>A	0.063
NC_000023.11:g.3029271G>A	0.052
NC_000022.11:g.50627368C>T	1.0
NC_000002.12:g.166002473A>G	0.999
NC_000003.12:g.4811344T>C	1.0
NC_000016.10:g.16150197G>A	1.0
NC_000004.12:g.78522696G>A	0.0
NC_000009.12:g.133256085A>T	0.995
NC_000009.12:g.95447411G>A	0.062
NC_000002.12:g.231206248A>G	0.003
NC_000017.11:g.39666015C>T	0.952
NC_000016.10:g.89933512G>A	1.0
NC_000012.12:g.66331521T>C	0.0
NC_000011.10:g.86952443T>C	0.53
NC_000006.12:g.89932572C>T	0.017
NC_000002.12:g.168924730C>T	1.0
NC_000018.10:g.49792313A>T	0.022
NC_000010.11:g.103900158C>T	0.025
NC_000004.12:g.38797207A>G	0.003
NC_000005.10:g.79729792C>T	0.003
NC_000001.11:g.150559429C>A	0.012
NC_000005.10:g.150056097A>G	0.974
NC_000015.10:g.63345479C>T	1.0
NC_000016.10:g.89282673T>C	0.0
NC_000012.12:g.51920841A>C	1.0
NC_000018.10:g.60371593C>T	0.462
NC_000006.12:g.143462955A>G	0.062
NC_000012.12:g.8867893A>G	0.0
NC_000019.10:g.52034081C>T	0.676
NC_000016.10:g.53652604C>G	0.92
NC_000010.11:g.70599055G>T	1.0
NC_000008.11:g.144360408G>A	1.0
NC_000021.9:g.46388764C>T	0.996
NC_000018.10:g.31390712T>C	1.0
NC_000021.9:g.43065653C>T	0.997
NC_000001.11:g.63411329G>T	0.007
NC_000011.10:g.103184992C>T	0.935
NC_000003.12:g.50365164A>G	0.992
NC_000022.11:g.45600418A>G	0.779
NC_000011.10:g.124959828G>C	0.646
NC_000017.11:g.4558296G>A	1.0
NC_000016.10:g.27740549C>T	0.09
NC_000011.10:g.103135514T>G	0.972
NC_000019.10:g.54241620C>T	0.0
NC_000017.11:g.38334016G>A	0.981
NC_000023.11:g.108667165G>A	0.947
NC_000019.10:g.15189004A>G	1.0
NC_000011.10:g.68759648C>T	0.999
NC_000007.14:g.107663357C>T	0.995
NC_000017.11:g.50196661C>A	1.0
NC_000019.10:g.50286683G>A	0.654
NC_000014.9:g.74486404C>T	1.0
NC_000023.11:g.108665561G>A	1.0
NC_000010.11:g.87053403C>T	0.106
NC_000011.10:g.118502577T>A	0.399
NC_000015.10:g.32158511A>G	1.0
NC_000009.12:g.78304842A>C	1.0
NC_000017.11:g.50185605G>A	0.994
NC_000018.10:g.10671571A>G	1.0
NC_000006.12:g.117387941T>C	0.115
NC_000011.10:g.1226857G>A	0.181
NC_000007.14:g.93102221G>A	0.68
NC_000002.12:g.39022772C>G	0.998
NC_000001.11:g.63648630T>C	0.365
NC_000009.12:g.128945982T>G	0.973
NC_000019.10:g.15189278G>C	0.998
NC_000021.9:g.44379135G>A	0.009
NC_000011.10:g.86951751C>G	1.0
NC_000017.11:g.42852559T>A	0.999
NC_000007.14:g.107690203C>T	0.996
NC_000010.11:g.63214485G>C	0.027
NC_000011.10:g.108289005C>T	0.001
NC_000012.12:g.106067337C>T	0.962
NC_000023.11:g.38411938T>A	0.973
NC_000007.14:g.76303816C>T	0.988
NC_000007.14:g.150951795A>C	0.997
NC_000011.10:g.615170C>T	0.2
NC_000011.10:g.48163603T>C	0.995
NC_000023.11:g.154032548C>G	0.991
NC_000006.12:g.160069961G>T	0.493
NC_000014.9:g.63981058T>C	0.625
NC_000007.14:g.150951583C>T	0.999
NC_000003.12:g.33014263C>A	1.0
NC_000016.10:g.90032905T>A	0.043
NC_000010.11:g.16919996A>C	0.998
NC_000011.10:g.116836019A>G	0.983
NC_000018.10:g.27985664G>C	0.999
NC_000001.11:g.235810244A>C	0.001
NC_000022.11:g.33006595G>A	0.006
NC_000011.10:g.31794032C>G	1.0
NC_000004.12:g.185145867G>C	0.996
NC_000017.11:g.3656727G>A	0.974
NC_000003.12:g.124743977A>G	0.003
NC_000021.9:g.43690313T>C	0.003
NC_000019.10:g.8308280C>T	0.783
NC_000007.14:g.76302828C>T	0.035
NC_000023.11:g.1290449G>A	1.0
NC_000016.10:g.74628505A>T	0.303
NC_000023.11:g.154902062A>G	0.812
NC_000012.12:g.51920831C>T	1.0
NC_000002.12:g.202377502C>T	0.18
NC_000016.10:g.297929G>A	0.03
NC_000019.10:g.15537579C>T	1.0
NC_000008.11:g.143921861A>G	0.006
NC_000003.12:g.45968585C>T	0.0
NC_000001.11:g.117060509G>A	0.996
NC_000001.11:g.186894188G>A	0.006
NC_000023.11:g.103788485T>C	0.977
NC_000007.14:g.132241157C>T	0.014
NC_000008.11:g.10611633C>T	0.0
NC_000003.12:g.146160980A>T	0.006
NC_000009.12:g.14775919T>A	0.088
NC_000002.12:g.47410215T>A	0.991
NC_000012.12:g.132754714C>A	1.0
NC_000011.10:g.134145989G>A	1.0
NC_000007.14:g.143346147C>T	0.122
NC_000011.10:g.47351356T>C	0.0
NC_000013.11:g.32339810C>T	0.019
NC_000010.11:g.133626712G>A	0.68
NC_000005.10:g.72196239G>A	0.0
NC_000003.12:g.133775510C>T	0.018
NC_000003.12:g.38063875C>G	0.023
NC_000010.11:g.66379229G>A	0.006
NC_000009.12:g.69064942G>T	1.0
NC_000013.11:g.110503472G>A	1.0
NC_000003.12:g.52375405A>G	0.0
NC_000014.9:g.20474555G>A	1.0
NC_000010.11:g.87053398A>G	0.956
NC_000003.12:g.38894936A>G	0.999
NC_000015.10:g.41736622A>G	0.998
NC_000011.10:g.93699288T>G	0.387
NC_000002.12:g.176117205T>G	0.019
NC_000010.11:g.87933145G>A	1.0
NC_000023.11:g.154367857C>A	1.0
NC_000011.10:g.124922771T>C	0.015
NC_000021.9:g.25891853C>T	0.99
NC_000019.10:g.13230185T>G	0.998
NC_000009.12:g.35792936T>A	0.818
NC_000002.12:g.188993452G>A	1.0
NC_000008.11:g.125436432G>T	0.005
NC_000006.12:g.47554677A>G	0.231
NC_000010.11:g.80275073G>A	0.999
NC_000012.12:g.64495483C>A	0.056
NC_000017.11:g.3554778T>C	0.0
NC_000012.12:g.102844404G>A	0.973
NC_000014.9:g.75047180T>C	0.0
NC_000003.12:g.43080921C>T	0.98
NC_000018.10:g.62146023A>G	0.979
NC_000007.14:g.107690148A>T	1.0
NC_000012.12:g.32896523C>A	0.735
NC_000010.11:g.49646651C>T	1.0
NC_000012.12:g.6566156G>A	0.0
NC_000007.14:g.99388183C>T	0.532
NC_000016.10:g.9829485G>C	1.0
NC_000008.11:g.142913391T>C	0.0
